state,state_code,county,fips,respondents,donors,non_donors,any_community_donors,own_ethnic_group_donors,total_donation_usd,mean_donation_usd,mean_donor_donation_usd
Alabama,AL,Baldwin County,01003,1,0,1,0,0,0.0,0.0,
Alabama,AL,Dale County,01045,1,0,1,0,0,0.0,0.0,
Alabama,AL,DeKalb County,01049,1,0,1,0,0,0.0,0.0,
Alabama,AL,Etowah County,01055,2,1,1,1,0,25.0,12.5,25.0
Alabama,AL,Franklin County,01059,1,0,1,0,0,0.0,0.0,
Alabama,AL,Hale County,01065,1,0,1,0,0,0.0,0.0,
Alabama,AL,Houston County,01069,1,1,0,1,0,25.0,25.0,25.0
Alabama,AL,Mobile County,01097,2,0,2,0,0,0.0,0.0,
Alabama,AL,St. Clair County,01115,1,0,1,0,0,0.0,0.0,
Alabama,AL,Talladega County,01121,1,0,1,0,0,0.0,0.0,
Alaska,AK,Aleutians East Borough,02013,1,0,1,0,0,0.0,0.0,
Alaska,AK,Anchorage Municipality,02020,1,0,1,0,0,0.0,0.0,
Arizona,AZ,Cochise County,04003,1,0,1,0,0,0.0,0.0,
Arizona,AZ,Gila County,04007,2,1,1,1,0,10.98,5.49,10.98
Arizona,AZ,Maricopa County,04013,9,5,4,4,1,48.33,5.37,9.67
Arizona,AZ,Mohave County,04015,1,0,1,0,0,0.0,0.0,
Arizona,AZ,Navajo County,04017,1,0,1,0,0,0.0,0.0,
Arizona,AZ,Pima County,04019,4,2,2,2,0,50.0,12.5,25.0
Arizona,AZ,Pinal County,04021,1,0,1,0,0,0.0,0.0,
Arizona,AZ,Yavapai County,04025,1,0,1,0,0,0.0,0.0,
Arkansas,AR,Benton County,05007,2,1,1,1,0,10.0,5.0,10.0
Arkansas,AR,Crawford County,05033,1,0,1,0,0,0.0,0.0,
Arkansas,AR,Desha County,05041,1,1,0,0,1,25.0,25.0,25.0
Arkansas,AR,Faulkner County,05045,1,0,1,0,0,0.0,0.0,
Arkansas,AR,Independence County,05063,1,0,1,0,0,0.0,0.0,
Arkansas,AR,Logan County,05083,1,0,1,0,0,0.0,0.0,
Arkansas,AR,Lonoke County,05085,1,0,1,0,0,0.0,0.0,
Arkansas,AR,Miller County,05091,1,0,1,0,0,0.0,0.0,
Arkansas,AR,Mississippi County,05093,1,1,0,1,0,25.0,25.0,25.0
Arkansas,AR,Pulaski County,05119,3,2,1,1,1,27.19,9.06,13.6
Arkansas,AR,Saline County,05125,1,0,1,0,0,0.0,0.0,
Arkansas,AR,White County,05145,1,0,1,0,0,0.0,0.0,
Arkansas,AR,Yell County,05149,1,0,1,0,0,0.0,0.0,
California,CA,Contra Costa County,06013,1,1,0,1,0,25.0,25.0,25.0
California,CA,El Dorado County,06017,1,1,0,1,0,25.0,25.0,25.0
California,CA,Fresno County,06019,1,0,1,0,0,0.0,0.0,
California,CA,Los Angeles County,06037,16,4,12,4,0,85.85,5.37,21.46
California,CA,Monterey County,06053,1,0,1,0,0,0.0,0.0,
California,CA,Orange County,06059,4,0,4,0,0,0.0,0.0,
California,CA,Placer County,06061,1,0,1,0,0,0.0,0.0,
California,CA,Riverside County,06065,4,0,4,0,0,0.0,0.0,
California,CA,Sacramento County,06067,1,0,1,0,0,0.0,0.0,
California,CA,San Bernardino County,06071,3,0,3,0,0,0.0,0.0,
California,CA,San Diego County,06073,3,1,2,1,0,25.0,8.33,25.0
California,CA,San Francisco County,06075,1,0,1,0,0,0.0,0.0,
California,CA,San Joaquin County,06077,2,0,2,0,0,0.0,0.0,
California,CA,San Mateo County,06081,1,1,0,1,0,25.0,25.0,25.0
California,CA,Santa Clara County,06085,1,0,1,0,0,0.0,0.0,
California,CA,Tuolumne County,06109,1,0,1,0,0,0.0,0.0,
California,CA,Ventura County,06111,1,1,0,1,0,25.0,25.0,25.0
California,CA,Yuba County,06115,2,0,2,0,0,0.0,0.0,
Colorado,CO,Adams County,08001,2,1,1,1,0,25.0,12.5,25.0
Colorado,CO,Arapahoe County,08005,1,0,1,0,0,0.0,0.0,
Colorado,CO,Boulder County,08013,1,0,1,0,0,0.0,0.0,
Colorado,CO,El Paso County,08041,3,1,2,1,0,25.0,8.33,25.0
Colorado,CO,Fremont County,08043,1,1,0,1,0,25.0,25.0,25.0
Colorado,CO,Larimer County,08069,1,0,1,0,0,0.0,0.0,
Connecticut,CT,Fairfield County,09001,1,0,1,0,0,0.0,0.0,
Connecticut,CT,Hartford County,09003,2,0,2,0,0,0.0,0.0,
Connecticut,CT,New Haven County,09009,4,2,2,2,0,50.0,12.5,25.0
Connecticut,CT,New London County,09011,1,0,1,0,0,0.0,0.0,
Delaware,DE,Kent County,10001,3,0,3,0,0,0.0,0.0,
Delaware,DE,New Castle County,10003,2,1,1,1,0,10.02,5.01,10.02
Delaware,DE,Sussex County,10005,1,1,0,1,0,25.0,25.0,25.0
District Of Columbia,DC,District of Columbia,11001,4,1,3,0,1,0.1,0.03,0.1
Florida,FL,Alachua County,12001,1,0,1,0,0,0.0,0.0,
Florida,FL,Brevard County,12009,3,0,3,0,0,0.0,0.0,
Florida,FL,Broward County,12011,8,3,5,1,2,39.25,4.91,13.08
Florida,FL,Citrus County,12017,1,0,1,0,0,0.0,0.0,
Florida,FL,Collier County,12021,2,2,0,2,0,50.0,25.0,25.0
Florida,FL,Duval County,12031,1,1,0,1,0,2.09,2.09,2.09
Florida,FL,Escambia County,12033,3,1,2,1,0,25.0,8.33,25.0
Florida,FL,Flagler County,12035,1,0,1,0,0,0.0,0.0,
Florida,FL,Gadsden County,12039,1,1,0,0,1,25.0,25.0,25.0
Florida,FL,Hernando County,12053,2,2,0,2,0,50.0,25.0,25.0
Florida,FL,Highlands County,12055,1,0,1,0,0,0.0,0.0,
Florida,FL,Hillsborough County,12057,7,1,6,1,0,25.0,3.57,25.0
Florida,FL,Holmes County,12059,1,0,1,0,0,0.0,0.0,
Florida,FL,Lake County,12069,1,1,0,1,0,10.03,10.03,10.03
Florida,FL,Lee County,12071,2,1,1,1,0,25.0,12.5,25.0
Florida,FL,Manatee County,12081,4,1,3,1,0,25.0,6.25,25.0
Florida,FL,Marion County,12083,3,2,1,2,0,50.0,16.67,25.0
Florida,FL,Miami-Dade County,12086,3,2,1,1,1,26.44,8.81,13.22
Florida,FL,Okaloosa County,12091,1,0,1,0,0,0.0,0.0,
Florida,FL,Orange County,12095,4,0,4,0,0,0.0,0.0,
Florida,FL,Osceola County,12097,2,2,0,1,1,32.61,16.31,16.31
Florida,FL,Palm Beach County,12099,2,0,2,0,0,0.0,0.0,
Florida,FL,Pasco County,12101,1,1,0,0,1,25.0,25.0,25.0
Florida,FL,Pinellas County,12103,5,0,5,0,0,0.0,0.0,
Florida,FL,Polk County,12105,4,0,4,0,0,0.0,0.0,
Florida,FL,Putnam County,12107,3,1,2,1,0,25.0,8.33,25.0
Florida,FL,Sarasota County,12115,1,0,1,0,0,0.0,0.0,
Florida,FL,Seminole County,12117,1,1,0,1,0,25.0,25.0,25.0
Florida,FL,St. Lucie County,12111,1,0,1,0,0,0.0,0.0,
Florida,FL,Union County,12125,1,0,1,0,0,0.0,0.0,
Florida,FL,Volusia County,12127,2,1,1,1,0,25.0,12.5,25.0
Georgia,GA,Bryan County,13029,1,1,0,1,0,15.02,15.02,15.02
Georgia,GA,Burke County,13033,1,0,1,0,0,0.0,0.0,
Georgia,GA,Butts County,13035,1,1,0,1,0,25.0,25.0,25.0
Georgia,GA,Chatham County,13051,2,1,1,1,0,25.0,12.5,25.0
Georgia,GA,Clayton County,13063,1,0,1,0,0,0.0,0.0,
Georgia,GA,Cobb County,13067,4,4,0,4,0,87.51,21.88,21.88
Georgia,GA,Colquitt County,13071,1,1,0,1,0,25.0,25.0,25.0
Georgia,GA,DeKalb County,13089,2,1,1,1,0,25.0,12.5,25.0
Georgia,GA,Decatur County,13087,1,0,1,0,0,0.0,0.0,
Georgia,GA,Effingham County,13103,1,0,1,0,0,0.0,0.0,
Georgia,GA,Fayette County,13113,1,0,1,0,0,0.0,0.0,
Georgia,GA,Floyd County,13115,1,0,1,0,0,0.0,0.0,
Georgia,GA,Fulton County,13121,4,4,0,2,2,63.67,15.92,15.92
Georgia,GA,Gilmer County,13123,1,0,1,0,0,0.0,0.0,
Georgia,GA,Houston County,13153,2,0,2,0,0,0.0,0.0,
Georgia,GA,Jasper County,13159,1,1,0,0,1,0.1,0.1,0.1
Georgia,GA,Jenkins County,13165,1,0,1,0,0,0.0,0.0,
Georgia,GA,Meriwether County,13199,1,1,0,1,0,19.42,19.42,19.42
Georgia,GA,Spalding County,13255,3,2,1,2,0,50.0,16.67,25.0
Georgia,GA,Washington County,13303,1,0,1,0,0,0.0,0.0,
Georgia,GA,Wilcox County,13315,1,0,1,0,0,0.0,0.0,
Hawaii,HI,Honolulu County,15003,1,0,1,0,0,0.0,0.0,
Idaho,ID,Ada County,16001,1,0,1,0,0,0.0,0.0,
Idaho,ID,Canyon County,16027,1,1,0,1,0,25.0,25.0,25.0
Illinois,IL,Cook County,17031,10,3,7,2,1,57.41,5.74,19.14
Illinois,IL,Greene County,17061,1,0,1,0,0,0.0,0.0,
Illinois,IL,Jefferson County,17081,1,1,0,1,0,25.0,25.0,25.0
Illinois,IL,Jo Daviess County,17085,1,0,1,0,0,0.0,0.0,
Illinois,IL,Kane County,17089,2,0,2,0,0,0.0,0.0,
Illinois,IL,LaSalle County,17099,1,0,1,0,0,0.0,0.0,
Illinois,IL,Lake County,17097,1,0,1,0,0,0.0,0.0,
Illinois,IL,Peoria County,17143,2,0,2,0,0,0.0,0.0,
Illinois,IL,Sangamon County,17167,1,0,1,0,0,0.0,0.0,
Illinois,IL,Shelby County,17173,1,1,0,0,1,10.15,10.15,10.15
Illinois,IL,Stephenson County,17177,1,1,0,1,0,13.3,13.3,13.3
Illinois,IL,Tazewell County,17179,1,0,1,0,0,0.0,0.0,
Illinois,IL,Will County,17197,1,0,1,0,0,0.0,0.0,
Indiana,IN,Carroll County,18015,1,0,1,0,0,0.0,0.0,
Indiana,IN,Floyd County,18043,1,0,1,0,0,0.0,0.0,
Indiana,IN,Harrison County,18061,1,0,1,0,0,0.0,0.0,
Indiana,IN,Henry County,18065,1,0,1,0,0,0.0,0.0,
Indiana,IN,Lake County,18089,1,1,0,1,0,25.0,25.0,25.0
Indiana,IN,Marion County,18097,2,0,2,0,0,0.0,0.0,
Indiana,IN,Tippecanoe County,18157,2,1,1,1,0,1.1,0.55,1.1
Indiana,IN,Vermillion County,18165,1,1,0,1,0,25.0,25.0,25.0
Iowa,IA,Osceola County,19143,1,0,1,0,0,0.0,0.0,
Iowa,IA,Page County,19145,1,0,1,0,0,0.0,0.0,
Iowa,IA,Polk County,19153,1,0,1,0,0,0.0,0.0,
Iowa,IA,Pottawattamie County,19155,1,0,1,0,0,0.0,0.0,
Iowa,IA,Warren County,19181,1,0,1,0,0,0.0,0.0,
Iowa,IA,Woodbury County,19193,1,0,1,0,0,0.0,0.0,
Kansas,KS,Cloud County,20029,1,0,1,0,0,0.0,0.0,
Kansas,KS,Douglas County,20045,1,1,0,0,1,0.1,0.1,0.1
Kansas,KS,Johnson County,20091,4,2,2,2,0,35.05,8.76,17.53
Kansas,KS,Miami County,20121,1,1,0,1,0,25.0,25.0,25.0
Kentucky,KY,Bell County,21013,1,1,0,1,0,25.0,25.0,25.0
Kentucky,KY,Casey County,21045,1,0,1,0,0,0.0,0.0,
Kentucky,KY,Daviess County,21059,1,1,0,1,0,0.1,0.1,0.1
Kentucky,KY,Fayette County,21067,3,1,2,1,0,25.0,8.33,25.0
Kentucky,KY,Hardin County,21093,1,1,0,1,0,25.0,25.0,25.0
Kentucky,KY,Hopkins County,21107,1,0,1,0,0,0.0,0.0,
Kentucky,KY,Jefferson County,21111,3,0,3,0,0,0.0,0.0,
Kentucky,KY,Logan County,21141,1,0,1,0,0,0.0,0.0,
Kentucky,KY,Nicholas County,21181,1,0,1,0,0,0.0,0.0,
Kentucky,KY,Pike County,21195,1,0,1,0,0,0.0,0.0,
Louisiana,LA,Caddo Parish,22017,1,1,0,0,1,15.75,15.75,15.75
Louisiana,LA,East Baton Rouge Parish,22033,2,2,0,2,0,40.02,20.01,20.01
Louisiana,LA,Jefferson Parish,22051,2,1,1,1,0,20.06,10.03,20.06
Louisiana,LA,Lafayette Parish,22055,1,0,1,0,0,0.0,0.0,
Louisiana,LA,St. Tammany Parish,22103,1,0,1,0,0,0.0,0.0,
Louisiana,LA,Tangipahoa Parish,22105,1,1,0,1,0,12.47,12.47,12.47
Maine,ME,Androscoggin County,23001,1,0,1,0,0,0.0,0.0,
Maine,ME,Cumberland County,23005,1,0,1,0,0,0.0,0.0,
Maine,ME,Oxford County,23017,1,1,0,1,0,25.0,25.0,25.0
Maine,ME,Penobscot County,23019,1,0,1,0,0,0.0,0.0,
Maine,ME,Sagadahoc County,23023,1,0,1,0,0,0.0,0.0,
Maryland,MD,Baltimore County,24005,6,2,4,0,2,12.22,2.04,6.11
Maryland,MD,Baltimore city,24510,3,1,2,1,0,25.0,8.33,25.0
Maryland,MD,Carroll County,24013,1,0,1,0,0,0.0,0.0,
Maryland,MD,Charles County,24017,1,1,0,1,0,9.88,9.88,9.88
Maryland,MD,Dorchester County,24019,1,0,1,0,0,0.0,0.0,
Maryland,MD,Harford County,24025,1,1,0,1,0,25.0,25.0,25.0
Maryland,MD,Howard County,24027,1,1,0,1,0,25.0,25.0,25.0
Maryland,MD,Montgomery County,24031,2,1,1,1,0,25.0,12.5,25.0
Maryland,MD,Prince George's County,24033,4,2,2,0,2,5.11,1.28,2.56
Maryland,MD,Washington County,24043,1,1,0,0,1,25.0,25.0,25.0
Maryland,MD,Wicomico County,24045,1,0,1,0,0,0.0,0.0,
Massachusetts,MA,Essex County,25009,2,2,0,1,1,35.93,17.97,17.97
Massachusetts,MA,Franklin County,25011,1,0,1,0,0,0.0,0.0,
Massachusetts,MA,Hampden County,25013,1,0,1,0,0,0.0,0.0,
Massachusetts,MA,Middlesex County,25017,4,2,2,2,0,42.76,10.69,21.38
Massachusetts,MA,Norfolk County,25021,2,2,0,2,0,25.1,12.55,12.55
Massachusetts,MA,Suffolk County,25025,3,1,2,1,0,9.53,3.18,9.53
Michigan,MI,Barry County,26015,1,0,1,0,0,0.0,0.0,
Michigan,MI,Berrien County,26021,2,1,1,1,0,12.02,6.01,12.02
Michigan,MI,Genesee County,26049,2,1,1,1,0,25.0,12.5,25.0
Michigan,MI,Gogebic County,26053,1,0,1,0,0,0.0,0.0,
Michigan,MI,Kent County,26081,1,1,0,0,1,6.85,6.85,6.85
Michigan,MI,Macomb County,26099,2,1,1,1,0,25.0,12.5,25.0
Michigan,MI,Monroe County,26115,1,0,1,0,0,0.0,0.0,
Michigan,MI,Oakland County,26125,4,2,2,2,0,35.18,8.8,17.59
Michigan,MI,Ottawa County,26139,2,1,1,1,0,25.0,12.5,25.0
Michigan,MI,Washtenaw County,26161,1,1,0,1,0,25.0,25.0,25.0
Michigan,MI,Wayne County,26163,3,1,2,1,0,25.0,8.33,25.0
Michigan,MI,Wexford County,26165,1,0,1,0,0,0.0,0.0,
Minnesota,MN,Anoka County,27003,1,0,1,0,0,0.0,0.0,
Minnesota,MN,Benton County,27009,1,0,1,0,0,0.0,0.0,
Minnesota,MN,Dakota County,27037,2,1,1,1,0,25.0,12.5,25.0
Minnesota,MN,Dodge County,27039,1,1,0,1,0,25.0,25.0,25.0
Minnesota,MN,Hennepin County,27053,3,0,3,0,0,0.0,0.0,
Minnesota,MN,Isanti County,27059,1,0,1,0,0,0.0,0.0,
Minnesota,MN,Koochiching County,27071,1,1,0,1,0,25.0,25.0,25.0
Minnesota,MN,Nobles County,27105,1,0,1,0,0,0.0,0.0,
Mississippi,MS,Claiborne County,28021,1,0,1,0,0,0.0,0.0,
Mississippi,MS,Forrest County,28035,2,0,2,0,0,0.0,0.0,
Mississippi,MS,Jasper County,28061,2,1,1,1,0,19.99,10.0,19.99
Mississippi,MS,Oktibbeha County,28105,1,0,1,0,0,0.0,0.0,
Mississippi,MS,Panola County,28107,1,1,0,0,1,19.48,19.48,19.48
Mississippi,MS,Tishomingo County,28141,1,1,0,1,0,11.61,11.61,11.61
Mississippi,MS,Union County,28145,1,1,0,0,1,1.92,1.92,1.92
Mississippi,MS,Washington County,28151,1,0,1,0,0,0.0,0.0,
Missouri,MO,Boone County,29019,1,1,0,1,0,25.0,25.0,25.0
Missouri,MO,Buchanan County,29021,2,1,1,1,0,6.0,3.0,6.0
Missouri,MO,Cass County,29037,1,0,1,0,0,0.0,0.0,
Missouri,MO,Dent County,29065,1,0,1,0,0,0.0,0.0,
Missouri,MO,Dunklin County,29069,1,1,0,1,0,15.1,15.1,15.1
Missouri,MO,Greene County,29077,1,0,1,0,0,0.0,0.0,
Missouri,MO,Grundy County,29079,1,0,1,0,0,0.0,0.0,
Missouri,MO,Jackson County,29095,1,0,1,0,0,0.0,0.0,
Missouri,MO,Jasper County,29097,1,0,1,0,0,0.0,0.0,
Missouri,MO,Laclede County,29105,2,0,2,0,0,0.0,0.0,
Missouri,MO,St. Louis County,29189,5,1,4,1,0,25.0,5.0,25.0
Montana,MT,Missoula County,30063,1,1,0,1,0,25.0,25.0,25.0
Montana,MT,Ravalli County,30081,1,0,1,0,0,0.0,0.0,
Montana,MT,Roosevelt County,30085,1,0,1,0,0,0.0,0.0,
Nebraska,NE,Dodge County,31053,1,1,0,1,0,13.15,13.15,13.15
Nebraska,NE,Keith County,31101,1,0,1,0,0,0.0,0.0,
Nebraska,NE,Saline County,31151,1,1,0,1,0,25.0,25.0,25.0
Nevada,NV,Clark County,32003,14,6,8,2,4,99.49,7.11,16.58
Nevada,NV,Douglas County,32005,1,0,1,0,0,0.0,0.0,
Nevada,NV,Lander County,32015,1,1,0,0,1,4.18,4.18,4.18
Nevada,NV,Nye County,32023,1,0,1,0,0,0.0,0.0,
New Hampshire,NH,Merrimack County,33013,1,0,1,0,0,0.0,0.0,
New Hampshire,NH,Rockingham County,33015,2,1,1,1,0,10.0,5.0,10.0
New Jersey,NJ,Bergen County,34003,4,2,2,2,0,50.0,12.5,25.0
New Jersey,NJ,Burlington County,34005,2,1,1,1,0,25.0,12.5,25.0
New Jersey,NJ,Camden County,34007,4,2,2,2,0,50.0,12.5,25.0
New Jersey,NJ,Cumberland County,34011,1,1,0,1,0,25.0,25.0,25.0
New Jersey,NJ,Essex County,34013,3,0,3,0,0,0.0,0.0,
New Jersey,NJ,Hudson County,34017,1,1,0,1,0,25.0,25.0,25.0
New Jersey,NJ,Middlesex County,34023,2,2,0,2,0,18.07,9.04,9.04
New Jersey,NJ,Monmouth County,34025,1,1,0,1,0,15.05,15.05,15.05
New Jersey,NJ,Ocean County,34029,4,3,1,2,1,75.0,18.75,25.0
New Jersey,NJ,Passaic County,34031,3,0,3,0,0,0.0,0.0,
New Jersey,NJ,Somerset County,34035,1,0,1,0,0,0.0,0.0,
New Jersey,NJ,Union County,34039,2,2,0,1,1,35.21,17.61,17.61
New Jersey,NJ,Warren County,34041,1,1,0,1,0,25.0,25.0,25.0
New Mexico,NM,Bernalillo County,35001,1,0,1,0,0,0.0,0.0,
New Mexico,NM,Sandoval County,35043,1,0,1,0,0,0.0,0.0,
New York,NY,Albany County,36001,2,1,1,0,1,20.49,10.25,20.49
New York,NY,Bronx County,36005,7,3,4,2,1,32.89,4.7,10.96
New York,NY,Broome County,36007,1,1,0,1,0,25.0,25.0,25.0
New York,NY,Chautauqua County,36013,1,1,0,1,0,25.0,25.0,25.0
New York,NY,Chemung County,36015,1,0,1,0,0,0.0,0.0,
New York,NY,Erie County,36029,4,2,2,2,0,50.0,12.5,25.0
New York,NY,Essex County,36031,1,0,1,0,0,0.0,0.0,
New York,NY,Greene County,36039,1,0,1,0,0,0.0,0.0,
New York,NY,Jefferson County,36045,1,1,0,1,0,25.0,25.0,25.0
New York,NY,Kings County,36047,7,5,2,4,1,101.83,14.55,20.37
New York,NY,Monroe County,36055,3,1,2,1,0,25.0,8.33,25.0
New York,NY,Nassau County,36059,1,0,1,0,0,0.0,0.0,
New York,NY,New York County,36061,12,2,10,1,1,23.48,1.96,11.74
New York,NY,Niagara County,36063,1,0,1,0,0,0.0,0.0,
New York,NY,Oneida County,36065,2,0,2,0,0,0.0,0.0,
New York,NY,Onondaga County,36067,2,2,0,1,1,47.76,23.88,23.88
New York,NY,Orange County,36071,1,0,1,0,0,0.0,0.0,
New York,NY,Queens County,36081,2,2,0,2,0,50.0,25.0,25.0
New York,NY,Rensselaer County,36083,1,1,0,1,0,25.0,25.0,25.0
New York,NY,Richmond County,36085,1,0,1,0,0,0.0,0.0,
New York,NY,Saratoga County,36091,1,0,1,0,0,0.0,0.0,
New York,NY,Schenectady County,36093,1,1,0,1,0,25.0,25.0,25.0
New York,NY,Steuben County,36101,1,0,1,0,0,0.0,0.0,
New York,NY,Suffolk County,36103,4,0,4,0,0,0.0,0.0,
New York,NY,Sullivan County,36105,2,1,1,1,0,10.08,5.04,10.08
New York,NY,Tioga County,36107,1,1,0,1,0,25.0,25.0,25.0
New York,NY,Westchester County,36119,2,0,2,0,0,0.0,0.0,
North Carolina,NC,Buncombe County,37021,1,0,1,0,0,0.0,0.0,
North Carolina,NC,Cabarrus County,37025,1,0,1,0,0,0.0,0.0,
North Carolina,NC,Cleveland County,37045,2,1,1,1,0,25.0,12.5,25.0
North Carolina,NC,Craven County,37049,1,0,1,0,0,0.0,0.0,
North Carolina,NC,Cumberland County,37051,3,1,2,1,0,25.0,8.33,25.0
North Carolina,NC,Davie County,37059,1,1,0,1,0,25.0,25.0,25.0
North Carolina,NC,Durham County,37063,4,2,2,2,0,50.0,12.5,25.0
North Carolina,NC,Forsyth County,37067,2,2,0,2,0,19.98,9.99,9.99
North Carolina,NC,Guilford County,37081,1,0,1,0,0,0.0,0.0,
North Carolina,NC,Halifax County,37083,1,0,1,0,0,0.0,0.0,
North Carolina,NC,Henderson County,37089,2,1,1,1,0,25.0,12.5,25.0
North Carolina,NC,Hoke County,37093,1,0,1,0,0,0.0,0.0,
North Carolina,NC,Jackson County,37099,1,0,1,0,0,0.0,0.0,
North Carolina,NC,Johnston County,37101,1,0,1,0,0,0.0,0.0,
North Carolina,NC,Madison County,37115,1,1,0,1,0,4.97,4.97,4.97
North Carolina,NC,Mecklenburg County,37119,3,1,2,1,0,25.0,8.33,25.0
North Carolina,NC,Onslow County,37133,1,0,1,0,0,0.0,0.0,
North Carolina,NC,Pamlico County,37137,1,1,0,0,1,10.57,10.57,10.57
North Carolina,NC,Pasquotank County,37139,1,0,1,0,0,0.0,0.0,
North Carolina,NC,Randolph County,37151,1,0,1,0,0,0.0,0.0,
North Carolina,NC,Stanly County,37167,1,1,0,1,0,25.0,25.0,25.0
North Carolina,NC,Union County,37179,1,1,0,1,0,25.0,25.0,25.0
North Carolina,NC,Wake County,37183,6,4,2,3,1,71.11,11.85,17.78
North Carolina,NC,Wayne County,37191,1,1,0,1,0,24.48,24.48,24.48
North Carolina,NC,Wilkes County,37193,1,0,1,0,0,0.0,0.0,
North Dakota,ND,Grand Forks County,38035,1,1,0,1,0,10.0,10.0,10.0
Ohio,OH,Ashland County,39005,1,0,1,0,0,0.0,0.0,
Ohio,OH,Ashtabula County,39007,1,0,1,0,0,0.0,0.0,
Ohio,OH,Brown County,39015,1,0,1,0,0,0.0,0.0,
Ohio,OH,Butler County,39017,2,1,1,1,0,25.0,12.5,25.0
Ohio,OH,Clark County,39023,1,0,1,0,0,0.0,0.0,
Ohio,OH,Columbiana County,39029,2,0,2,0,0,0.0,0.0,
Ohio,OH,Crawford County,39033,1,1,0,1,0,25.0,25.0,25.0
Ohio,OH,Cuyahoga County,39035,3,0,3,0,0,0.0,0.0,
Ohio,OH,Fairfield County,39045,1,0,1,0,0,0.0,0.0,
Ohio,OH,Greene County,39057,1,0,1,0,0,0.0,0.0,
Ohio,OH,Hamilton County,39061,3,2,1,1,1,41.47,13.82,20.74
Ohio,OH,Hardin County,39065,1,0,1,0,0,0.0,0.0,
Ohio,OH,Henry County,39069,1,0,1,0,0,0.0,0.0,
Ohio,OH,Licking County,39089,1,0,1,0,0,0.0,0.0,
Ohio,OH,Logan County,39091,1,0,1,0,0,0.0,0.0,
Ohio,OH,Lucas County,39095,2,1,1,0,1,25.0,12.5,25.0
Ohio,OH,Mahoning County,39099,1,0,1,0,0,0.0,0.0,
Ohio,OH,Medina County,39103,1,0,1,0,0,0.0,0.0,
Ohio,OH,Miami County,39109,2,0,2,0,0,0.0,0.0,
Ohio,OH,Montgomery County,39113,2,1,1,1,0,25.0,12.5,25.0
Ohio,OH,Morrow County,39117,1,1,0,1,0,10.09,10.09,10.09
Ohio,OH,Muskingum County,39119,1,0,1,0,0,0.0,0.0,
Ohio,OH,Perry County,39127,1,0,1,0,0,0.0,0.0,
Ohio,OH,Pickaway County,39129,1,1,0,1,0,17.26,17.26,17.26
Ohio,OH,Scioto County,39145,1,0,1,0,0,0.0,0.0,
Ohio,OH,Summit County,39153,1,0,1,0,0,0.0,0.0,
Ohio,OH,Trumbull County,39155,1,0,1,0,0,0.0,0.0,
Ohio,OH,Tuscarawas County,39157,1,1,0,1,0,25.0,25.0,25.0
Ohio,OH,Wood County,39173,1,1,0,1,0,5.07,5.07,5.07
Oklahoma,OK,Cleveland County,40027,1,1,0,1,0,25.0,25.0,25.0
Oklahoma,OK,Custer County,40039,1,0,1,0,0,0.0,0.0,
Oklahoma,OK,Garvin County,40049,1,0,1,0,0,0.0,0.0,
Oklahoma,OK,Hughes County,40063,1,1,0,1,0,25.0,25.0,25.0
Oklahoma,OK,Oklahoma County,40109,7,2,5,1,1,40.73,5.82,20.37
Oklahoma,OK,Pittsburg County,40121,1,1,0,1,0,25.0,25.0,25.0
Oklahoma,OK,Sequoyah County,40135,1,1,0,1,0,25.0,25.0,25.0
Oklahoma,OK,Texas County,40139,1,0,1,0,0,0.0,0.0,
Oklahoma,OK,Tulsa County,40143,2,0,2,0,0,0.0,0.0,
Oklahoma,OK,Woods County,40151,1,0,1,0,0,0.0,0.0,
Oregon,OR,Baker County,41001,1,0,1,0,0,0.0,0.0,
Oregon,OR,Coos County,41011,1,0,1,0,0,0.0,0.0,
Oregon,OR,Deschutes County,41017,1,0,1,0,0,0.0,0.0,
Oregon,OR,Douglas County,41019,1,0,1,0,0,0.0,0.0,
Oregon,OR,Jackson County,41029,1,0,1,0,0,0.0,0.0,
Oregon,OR,Lane County,41039,1,0,1,0,0,0.0,0.0,
Oregon,OR,Marion County,41047,3,1,2,1,0,25.0,8.33,25.0
Oregon,OR,Washington County,41067,3,1,2,1,0,25.0,8.33,25.0
Pennsylvania,PA,Allegheny County,42003,5,1,4,1,0,25.0,5.0,25.0
Pennsylvania,PA,Bedford County,42009,1,1,0,0,1,24.51,24.51,24.51
Pennsylvania,PA,Berks County,42011,3,1,2,0,1,14.18,4.73,14.18
Pennsylvania,PA,Bucks County,42017,4,1,3,1,0,25.0,6.25,25.0
Pennsylvania,PA,Carbon County,42025,2,0,2,0,0,0.0,0.0,
Pennsylvania,PA,Dauphin County,42043,2,1,1,1,0,25.0,12.5,25.0
Pennsylvania,PA,Delaware County,42045,1,0,1,0,0,0.0,0.0,
Pennsylvania,PA,Fayette County,42051,1,1,0,0,1,25.0,25.0,25.0
Pennsylvania,PA,Greene County,42059,1,0,1,0,0,0.0,0.0,
Pennsylvania,PA,Lackawanna County,42069,1,0,1,0,0,0.0,0.0,
Pennsylvania,PA,Lancaster County,42071,5,2,3,2,0,45.05,9.01,22.53
Pennsylvania,PA,Lebanon County,42075,1,1,0,1,0,25.0,25.0,25.0
Pennsylvania,PA,Lehigh County,42077,2,1,1,1,0,12.25,6.13,12.25
Pennsylvania,PA,Luzerne County,42079,1,0,1,0,0,0.0,0.0,
Pennsylvania,PA,Montgomery County,42091,3,0,3,0,0,0.0,0.0,
Pennsylvania,PA,Northampton County,42095,3,1,2,1,0,25.0,8.33,25.0
Pennsylvania,PA,Northumberland County,42097,1,1,0,1,0,25.0,25.0,25.0
Pennsylvania,PA,Philadelphia County,42101,6,2,4,2,0,50.0,8.33,25.0
Pennsylvania,PA,Venango County,42121,1,0,1,0,0,0.0,0.0,
Pennsylvania,PA,Washington County,42125,1,0,1,0,0,0.0,0.0,
Pennsylvania,PA,Westmoreland County,42129,1,0,1,0,0,0.0,0.0,
Pennsylvania,PA,York County,42133,1,0,1,0,0,0.0,0.0,
Rhode Island,RI,Providence County,44007,3,1,2,1,0,25.0,8.33,25.0
South Carolina,SC,Aiken County,45003,1,1,0,1,0,10.27,10.27,10.27
South Carolina,SC,Anderson County,45007,1,0,1,0,0,0.0,0.0,
South Carolina,SC,Calhoun County,45017,1,0,1,0,0,0.0,0.0,
South Carolina,SC,Charleston County,45019,1,0,1,0,0,0.0,0.0,
South Carolina,SC,Chester County,45023,1,0,1,0,0,0.0,0.0,
South Carolina,SC,Dorchester County,45035,1,0,1,0,0,0.0,0.0,
South Carolina,SC,Edgefield County,45037,1,0,1,0,0,0.0,0.0,
South Carolina,SC,Florence County,45041,1,0,1,0,0,0.0,0.0,
South Carolina,SC,Horry County,45051,1,1,0,1,0,1.13,1.13,1.13
South Carolina,SC,Oconee County,45073,1,0,1,0,0,0.0,0.0,
South Carolina,SC,Pickens County,45077,1,1,0,1,0,9.98,9.98,9.98
South Carolina,SC,Richland County,45079,2,1,1,0,1,1.16,0.58,1.16
South Carolina,SC,Spartanburg County,45083,1,0,1,0,0,0.0,0.0,
South Carolina,SC,Williamsburg County,45089,1,0,1,0,0,0.0,0.0,
South Dakota,SD,Minnehaha County,46099,1,0,1,0,0,0.0,0.0,
Tennessee,TN,Bradley County,47011,1,0,1,0,0,0.0,0.0,
Tennessee,TN,Carter County,47019,1,0,1,0,0,0.0,0.0,
Tennessee,TN,Cheatham County,47021,1,0,1,0,0,0.0,0.0,
Tennessee,TN,Davidson County,47037,4,2,2,2,0,38.56,9.64,19.28
Tennessee,TN,Hawkins County,47073,1,0,1,0,0,0.0,0.0,
Tennessee,TN,Knox County,47093,2,1,1,1,0,25.0,12.5,25.0
Tennessee,TN,Lauderdale County,47097,1,0,1,0,0,0.0,0.0,
Tennessee,TN,Scott County,47151,1,0,1,0,0,0.0,0.0,
Tennessee,TN,Sevier County,47155,1,0,1,0,0,0.0,0.0,
Tennessee,TN,Shelby County,47157,3,1,2,1,0,9.78,3.26,9.78
Tennessee,TN,White County,47185,1,1,0,1,0,25.0,25.0,25.0
Texas,TX,Austin County,48015,1,0,1,0,0,0.0,0.0,
Texas,TX,Bexar County,48029,3,1,2,1,0,25.0,8.33,25.0
Texas,TX,Brazoria County,48039,1,1,0,1,0,25.0,25.0,25.0
Texas,TX,Brazos County,48041,1,0,1,0,0,0.0,0.0,
Texas,TX,Brooks County,48047,1,0,1,0,0,0.0,0.0,
Texas,TX,Collin County,48085,4,4,0,4,0,85.01,21.25,21.25
Texas,TX,Dallas County,48113,8,3,5,2,1,46.4,5.8,15.47
Texas,TX,Denton County,48121,1,1,0,1,0,25.0,25.0,25.0
Texas,TX,Gaines County,48165,1,1,0,1,0,22.92,22.92,22.92
Texas,TX,Galveston County,48167,1,0,1,0,0,0.0,0.0,
Texas,TX,Gregg County,48183,1,0,1,0,0,0.0,0.0,
Texas,TX,Guadalupe County,48187,1,0,1,0,0,0.0,0.0,
Texas,TX,Harris County,48201,8,3,5,2,1,60.03,7.5,20.01
Texas,TX,Harrison County,48203,1,0,1,0,0,0.0,0.0,
Texas,TX,Hays County,48209,1,0,1,0,0,0.0,0.0,
Texas,TX,Hood County,48221,1,0,1,0,0,0.0,0.0,
Texas,TX,Howard County,48227,1,1,0,0,1,18.36,18.36,18.36
Texas,TX,King County,48269,1,0,1,0,0,0.0,0.0,
Texas,TX,Montgomery County,48339,1,0,1,0,0,0.0,0.0,
Texas,TX,Tarrant County,48439,9,4,5,4,0,74.85,8.32,18.71
Texas,TX,Taylor County,48441,1,1,0,1,0,25.0,25.0,25.0
Texas,TX,Upshur County,48459,1,0,1,0,0,0.0,0.0,
Texas,TX,Washington County,48477,1,0,1,0,0,0.0,0.0,
Texas,TX,Wichita County,48485,1,0,1,0,0,0.0,0.0,
Texas,TX,Williamson County,48491,2,2,0,1,1,23.74,11.87,11.87
Utah,UT,Davis County,49011,2,0,2,0,0,0.0,0.0,
Utah,UT,Salt Lake County,49035,2,2,0,2,0,37.55,18.78,18.78
Vermont,VT,Windsor County,50027,1,0,1,0,0,0.0,0.0,
Virginia,VA,Augusta County,51015,1,0,1,0,0,0.0,0.0,
Virginia,VA,Bedford County,51019,1,0,1,0,0,0.0,0.0,
Virginia,VA,Campbell County,51031,2,1,1,1,0,13.03,6.52,13.03
Virginia,VA,Chesterfield County,51041,1,0,1,0,0,0.0,0.0,
Virginia,VA,Danville city,51590,1,1,0,0,1,25.0,25.0,25.0
Virginia,VA,Fairfax County,51059,1,0,1,0,0,0.0,0.0,
Virginia,VA,Frederick County,51069,1,0,1,0,0,0.0,0.0,
Virginia,VA,Henry County,51089,2,1,1,0,1,13.58,6.79,13.58
Virginia,VA,Louisa County,51109,1,0,1,0,0,0.0,0.0,
Virginia,VA,Richmond County,51159,1,0,1,0,0,0.0,0.0,
Virginia,VA,Suffolk city,51800,1,1,0,1,0,12.52,12.52,12.52
Virginia,VA,Virginia Beach city,51810,1,1,0,1,0,25.0,25.0,25.0
Virginia,VA,Wythe County,51197,1,1,0,1,0,25.0,25.0,25.0
Washington,WA,Benton County,53005,1,0,1,0,0,0.0,0.0,
Washington,WA,Clallam County,53009,1,0,1,0,0,0.0,0.0,
Washington,WA,Clark County,53011,2,1,1,1,0,25.0,12.5,25.0
Washington,WA,Kitsap County,53035,1,0,1,0,0,0.0,0.0,
Washington,WA,Pend Oreille County,53051,1,0,1,0,0,0.0,0.0,
Washington,WA,Pierce County,53053,1,0,1,0,0,0.0,0.0,
Washington,WA,Spokane County,53063,1,1,0,1,0,25.0,25.0,25.0
West Virginia,WV,Brooke County,54009,1,1,0,1,0,10.01,10.01,10.01
West Virginia,WV,Cabell County,54011,2,0,2,0,0,0.0,0.0,
West Virginia,WV,Hampshire County,54027,1,1,0,1,0,25.0,25.0,25.0
West Virginia,WV,McDowell County,54047,1,1,0,1,0,25.0,25.0,25.0
West Virginia,WV,Mercer County,54055,1,1,0,1,0,25.0,25.0,25.0
Wisconsin,WI,Dane County,55025,2,0,2,0,0,0.0,0.0,
Wisconsin,WI,Grant County,55043,1,0,1,0,0,0.0,0.0,
Wisconsin,WI,Green County,55045,1,0,1,0,0,0.0,0.0,
Wisconsin,WI,Jefferson County,55055,1,1,0,1,0,10.04,10.04,10.04
Wisconsin,WI,Langlade County,55067,1,0,1,0,0,0.0,0.0,
Wisconsin,WI,Milwaukee County,55079,2,0,2,0,0,0.0,0.0,
