state,state_code,counties,respondents,donors,non_donors,any_community_donors,own_ethnic_group_donors,total_donation_usd,mean_donation_usd,mean_donor_donation_usd
Alabama,AL,10,12,2,10,2,0,50.0,4.17,25.0
Alaska,AK,2,2,0,2,0,0,0.0,0.0,
Arizona,AZ,8,20,8,12,7,1,109.31,5.47,13.66
Arkansas,AR,13,16,5,11,3,2,87.19,5.45,17.44
California,CA,18,45,9,36,9,0,210.85,4.69,23.43
Colorado,CO,6,9,3,6,3,0,75.0,8.33,25.0
Connecticut,CT,4,8,2,6,2,0,50.0,6.25,25.0
Delaware,DE,3,6,2,4,2,0,35.02,5.84,17.51
District Of Columbia,DC,1,4,1,3,0,1,0.1,0.03,0.1
Florida,FL,31,73,24,49,18,6,485.42,6.65,20.23
Georgia,GA,21,32,17,15,14,3,335.72,10.49,19.75
Hawaii,HI,1,1,0,1,0,0,0.0,0.0,
Idaho,ID,2,2,1,1,1,0,25.0,12.5,25.0
Illinois,IL,13,24,6,18,4,2,105.86,4.41,17.64
Indiana,IN,8,10,3,7,3,0,51.1,5.11,17.03
Iowa,IA,6,6,0,6,0,0,0.0,0.0,
Kansas,KS,4,7,4,3,3,1,60.15,8.59,15.04
Kentucky,KY,10,14,4,10,4,0,75.1,5.36,18.78
Louisiana,LA,6,8,5,3,4,1,88.3,11.04,17.66
Maine,ME,5,5,1,4,1,0,25.0,5.0,25.0
Maryland,MD,11,22,10,12,5,5,152.21,6.92,15.22
Massachusetts,MA,6,13,7,6,6,1,113.32,8.72,16.19
Michigan,MI,12,21,9,12,8,1,179.05,8.53,19.89
Minnesota,MN,8,11,3,8,3,0,75.0,6.82,25.0
Mississippi,MS,8,10,4,6,2,2,53.0,5.3,13.25
Missouri,MO,11,17,4,13,4,0,71.1,4.18,17.78
Montana,MT,3,3,1,2,1,0,25.0,8.33,25.0
Nebraska,NE,3,3,2,1,2,0,38.15,12.72,19.08
Nevada,NV,4,17,7,10,2,5,103.67,6.1,14.81
New Hampshire,NH,2,3,1,2,1,0,10.0,3.33,10.0
New Jersey,NJ,13,29,16,13,14,2,343.33,11.84,21.46
New Mexico,NM,2,2,0,2,0,0,0.0,0.0,
New York,NY,27,64,25,39,20,5,511.53,7.99,20.46
North Carolina,NC,25,40,18,22,16,2,356.11,8.9,19.78
North Dakota,ND,1,1,1,0,1,0,10.0,10.0,10.0
Ohio,OH,29,38,10,28,8,2,198.89,5.23,19.89
Oklahoma,OK,10,17,6,11,5,1,140.73,8.28,23.46
Oregon,OR,8,12,2,10,2,0,50.0,4.17,25.0
Pennsylvania,PA,22,47,14,33,11,3,320.99,6.83,22.93
Rhode Island,RI,1,3,1,2,1,0,25.0,8.33,25.0
South Carolina,SC,14,15,4,11,3,1,22.54,1.5,5.64
South Dakota,SD,1,1,0,1,0,0,0.0,0.0,
Tennessee,TN,11,17,5,12,5,0,98.34,5.78,19.67
Texas,TX,25,53,22,31,18,4,431.31,8.14,19.61
Utah,UT,2,4,2,2,2,0,37.55,9.39,18.78
Vermont,VT,1,1,0,1,0,0,0.0,0.0,
Virginia,VA,13,15,6,9,4,2,114.13,7.61,19.02
Washington,WA,7,8,2,6,2,0,50.0,6.25,25.0
West Virginia,WV,5,6,4,2,4,0,85.01,14.17,21.25
Wisconsin,WI,6,8,1,7,1,0,10.04,1.26,10.04
